[
  {
    "title": "Senior Python Developer",
    "company": "Payne, Roberts and Davis",
    "location": "Stewartbury, AA",
    "apply_link": "https://realpython.github.io/fake-jobs/jobs/senior-python-developer-0.html"
  },
  {
    "title": "Energy engineer",
    "company": "Vasquez-Davidson",
    "location": "Christopherville, AA",
    "apply_link": "https://realpython.github.io/fake-jobs/jobs/energy-engineer-1.html"
  },
  {
    "title": "Legal executive",
    "company": "Jackson, Chambers and Levy",
    "location": "Port Ericaburgh, AA",
    "apply_link": "https://realpython.github.io/fake-jobs/jobs/legal-executive-2.html"
  },
  {
    "title": "Fitness centre manager",
    "company": "Savage-Bradley",
    "location": "East Seanview, AP",
    "apply_link": "https://realpython.github.io/fake-jobs/jobs/fitness-centre-manager-3.html"
  },
  {
    "title": "Product manager",
    "company": "Ramirez Inc",
    "location": "North Jamieview, AP",
    "apply_link": "https://realpython.github.io/fake-jobs/jobs/product-manager-4.html"
  },
  {
    "title": "Medical technical officer",
    "company": "Rogers-Yates",
    "location": "Davidville, AP",
    "apply_link": "https://realpython.github.io/fake-jobs/jobs/medical-technical-officer-5.html"
  },
  {
    "title": "Physiological scientist",
    "company": "Kramer-Klein",
    "location": "South Christopher, AE",
    "apply_link": "https://realpython.github.io/fake-jobs/jobs/physiological-scientist-6.html"
  },
  {
    "title": "Textile designer",
    "company": "Meyers-Johnson",
    "location": "Port Jonathan, AE",
    "apply_link": "https://realpython.github.io/fake-jobs/jobs/textile-designer-7.html"
  },
  {
    "title": "Television floor manager",
    "company": "Hughes-Williams",
    "location": "Osbornetown, AE",
    "apply_link": "https://realpython.github.io/fake-jobs/jobs/television-floor-manager-8.html"
  },
  {
    "title": "Waste management officer",
    "company": "Jones, Williams and Villa",
    "location": "Scotttown, AP",
    "apply_link": "https://realpython.github.io/fake-jobs/jobs/waste-management-officer-9.html"
  },
  {
    "title": "Software Engineer (Python)",
    "company": "Garcia PLC",
    "location": "Ericberg, AE",
    "apply_link": "https://realpython.github.io/fake-jobs/jobs/software-engineer-python-10.html"
  },
  {
    "title": "Interpreter",
    "company": "Gregory and Sons",
    "location": "Ramireztown, AE",
    "apply_link": "https://realpython.github.io/fake-jobs/jobs/interpreter-11.html"
  },
  {
    "title": "Architect",
    "company": "Clark, Garcia and Sosa",
    "location": "Figueroaview, AA",
    "apply_link": "https://realpython.github.io/fake-jobs/jobs/architect-12.html"
  },
  {
    "title": "Meteorologist",
    "company": "Bush PLC",
    "location": "Kelseystad, AA",
    "apply_link": "https://realpython.github.io/fake-jobs/jobs/meteorologist-13.html"
  },
  {
    "title": "Audiological scientist",
    "company": "Salazar-Meyers",
    "location": "Williamsburgh, AE",
    "apply_link": "https://realpython.github.io/fake-jobs/jobs/audiological-scientist-14.html"
  },
  {
    "title": "English as a second language teacher",
    "company": "Parker, Murphy and Brooks",
    "location": "Mitchellburgh, AE",
    "apply_link": "https://realpython.github.io/fake-jobs/jobs/english-as-a-second-language-teacher-15.html"
  },
  {
    "title": "Surgeon",
    "company": "Cruz-Brown",
    "location": "West Jessicabury, AA",
    "apply_link": "https://realpython.github.io/fake-jobs/jobs/surgeon-16.html"
  },
  {
    "title": "Equities trader",
    "company": "Macdonald-Ferguson",
    "location": "Maloneshire, AE",
    "apply_link": "https://realpython.github.io/fake-jobs/jobs/equities-trader-17.html"
  },
  {
    "title": "Newspaper journalist",
    "company": "Williams, Peterson and Rojas",
    "location": "Johnsonton, AA",
    "apply_link": "https://realpython.github.io/fake-jobs/jobs/newspaper-journalist-18.html"
  },
  {
    "title": "Materials engineer",
    "company": "Smith and Sons",
    "location": "South Davidtown, AP",
    "apply_link": "https://realpython.github.io/fake-jobs/jobs/materials-engineer-19.html"
  },
  {
    "title": "Python Programmer (Entry-Level)",
    "company": "Moss, Duncan and Allen",
    "location": "Port Sara, AE",
    "apply_link": "https://realpython.github.io/fake-jobs/jobs/python-programmer-entry-level-20.html"
  },
  {
    "title": "Product/process development scientist",
    "company": "Gomez-Carroll",
    "location": "Marktown, AA",
    "apply_link": "https://realpython.github.io/fake-jobs/jobs/product-process-development-scientist-21.html"
  },
  {
    "title": "Scientist, research (maths)",
    "company": "Manning, Welch and Herring",
    "location": "Laurenland, AE",
    "apply_link": "https://realpython.github.io/fake-jobs/jobs/scientist-research-maths-22.html"
  },
  {
    "title": "Ecologist",
    "company": "Lee, Gutierrez and Brown",
    "location": "Lauraton, AP",
    "apply_link": "https://realpython.github.io/fake-jobs/jobs/ecologist-23.html"
  },
  {
    "title": "Materials engineer",
    "company": "Davis, Serrano and Cook",
    "location": "South Tammyberg, AP",
    "apply_link": "https://realpython.github.io/fake-jobs/jobs/materials-engineer-24.html"
  },
  {
    "title": "Historic buildings inspector/conservation officer",
    "company": "Smith LLC",
    "location": "North Brandonville, AP",
    "apply_link": "https://realpython.github.io/fake-jobs/jobs/historic-buildings-inspector-conservation-officer-25.html"
  },
  {
    "title": "Data scientist",
    "company": "Thomas Group",
    "location": "Port Robertfurt, AA",
    "apply_link": "https://realpython.github.io/fake-jobs/jobs/data-scientist-26.html"
  },
  {
    "title": "Psychiatrist",
    "company": "Silva-King",
    "location": "Burnettbury, AE",
    "apply_link": "https://realpython.github.io/fake-jobs/jobs/psychiatrist-27.html"
  },
  {
    "title": "Structural engineer",
    "company": "Pierce-Long",
    "location": "Herbertside, AA",
    "apply_link": "https://realpython.github.io/fake-jobs/jobs/structural-engineer-28.html"
  },
  {
    "title": "Immigration officer",
    "company": "Walker-Simpson",
    "location": "Christopherport, AP",
    "apply_link": "https://realpython.github.io/fake-jobs/jobs/immigration-officer-29.html"
  },
  {
    "title": "Python Programmer (Entry-Level)",
    "company": "Cooper and Sons",
    "location": "West Victor, AE",
    "apply_link": "https://realpython.github.io/fake-jobs/jobs/python-programmer-entry-level-30.html"
  },
  {
    "title": "Neurosurgeon",
    "company": "Donovan, Gonzalez and Figueroa",
    "location": "Port Aaron, AP",
    "apply_link": "https://realpython.github.io/fake-jobs/jobs/neurosurgeon-31.html"
  },
  {
    "title": "Broadcast engineer",
    "company": "Morgan, Butler and Bennett",
    "location": "Loribury, AA",
    "apply_link": "https://realpython.github.io/fake-jobs/jobs/broadcast-engineer-32.html"
  },
  {
    "title": "Make",
    "company": "Snyder-Lee",
    "location": "Angelastad, AP",
    "apply_link": "https://realpython.github.io/fake-jobs/jobs/make-33.html"
  },
  {
    "title": "Nurse, adult",
    "company": "Harris PLC",
    "location": "Larrytown, AE",
    "apply_link": "https://realpython.github.io/fake-jobs/jobs/nurse-adult-34.html"
  },
  {
    "title": "Air broker",
    "company": "Washington PLC",
    "location": "West Colin, AP",
    "apply_link": "https://realpython.github.io/fake-jobs/jobs/air-broker-35.html"
  },
  {
    "title": "Editor, film/video",
    "company": "Brown, Price and Campbell",
    "location": "West Stephanie, AP",
    "apply_link": "https://realpython.github.io/fake-jobs/jobs/editor-film-video-36.html"
  },
  {
    "title": "Production assistant, radio",
    "company": "Mcgee PLC",
    "location": "Laurentown, AP",
    "apply_link": "https://realpython.github.io/fake-jobs/jobs/production-assistant-radio-37.html"
  },
  {
    "title": "Engineer, communications",
    "company": "Dixon Inc",
    "location": "Wrightberg, AP",
    "apply_link": "https://realpython.github.io/fake-jobs/jobs/engineer-communications-38.html"
  },
  {
    "title": "Sales executive",
    "company": "Thompson, Sheppard and Ward",
    "location": "Alberttown, AE",
    "apply_link": "https://realpython.github.io/fake-jobs/jobs/sales-executive-39.html"
  },
  {
    "title": "Software Developer (Python)",
    "company": "Adams-Brewer",
    "location": "Brockburgh, AE",
    "apply_link": "https://realpython.github.io/fake-jobs/jobs/software-developer-python-40.html"
  },
  {
    "title": "Futures trader",
    "company": "Schneider-Brady",
    "location": "North Jason, AE",
    "apply_link": "https://realpython.github.io/fake-jobs/jobs/futures-trader-41.html"
  },
  {
    "title": "Tour manager",
    "company": "Gonzales-Frank",
    "location": "Arnoldhaven, AE",
    "apply_link": "https://realpython.github.io/fake-jobs/jobs/tour-manager-42.html"
  },
  {
    "title": "Cytogeneticist",
    "company": "Smith-Wong",
    "location": "Lake Destiny, AP",
    "apply_link": "https://realpython.github.io/fake-jobs/jobs/cytogeneticist-43.html"
  },
  {
    "title": "Designer, multimedia",
    "company": "Pierce-Herrera",
    "location": "South Timothyburgh, AP",
    "apply_link": "https://realpython.github.io/fake-jobs/jobs/designer-multimedia-44.html"
  },
  {
    "title": "Trade union research officer",
    "company": "Aguilar, Rivera and Quinn",
    "location": "New Jimmyton, AE",
    "apply_link": "https://realpython.github.io/fake-jobs/jobs/trade-union-research-officer-45.html"
  },
  {
    "title": "Chemist, analytical",
    "company": "Lowe, Barnes and Thomas",
    "location": "New Lucasbury, AP",
    "apply_link": "https://realpython.github.io/fake-jobs/jobs/chemist-analytical-46.html"
  },
  {
    "title": "Programmer, multimedia",
    "company": "Lewis, Gonzalez and Vasquez",
    "location": "Port Cory, AE",
    "apply_link": "https://realpython.github.io/fake-jobs/jobs/programmer-multimedia-47.html"
  },
  {
    "title": "Engineer, broadcasting (operations)",
    "company": "Taylor PLC",
    "location": "Gileston, AA",
    "apply_link": "https://realpython.github.io/fake-jobs/jobs/engineer-broadcasting-operations-48.html"
  },
  {
    "title": "Teacher, primary school",
    "company": "Oliver, Jones and Ramirez",
    "location": "Cindyshire, AA",
    "apply_link": "https://realpython.github.io/fake-jobs/jobs/teacher-primary-school-49.html"
  },
  {
    "title": "Python Developer",
    "company": "Rivera and Sons",
    "location": "East Michaelfort, AA",
    "apply_link": "https://realpython.github.io/fake-jobs/jobs/python-developer-50.html"
  },
  {
    "title": "Manufacturing systems engineer",
    "company": "Garcia PLC",
    "location": "Joybury, AE",
    "apply_link": "https://realpython.github.io/fake-jobs/jobs/manufacturing-systems-engineer-51.html"
  },
  {
    "title": "Producer, television/film/video",
    "company": "Johnson, Wells and Kramer",
    "location": "Emmatown, AE",
    "apply_link": "https://realpython.github.io/fake-jobs/jobs/producer-television-film-video-52.html"
  },
  {
    "title": "Scientist, forensic",
    "company": "Gonzalez LLC",
    "location": "Colehaven, AP",
    "apply_link": "https://realpython.github.io/fake-jobs/jobs/scientist-forensic-53.html"
  },
  {
    "title": "Bonds trader",
    "company": "Morgan, White and Macdonald",
    "location": "Port Coryton, AE",
    "apply_link": "https://realpython.github.io/fake-jobs/jobs/bonds-trader-54.html"
  },
  {
    "title": "Editorial assistant",
    "company": "Robinson-Fitzpatrick",
    "location": "Amyborough, AA",
    "apply_link": "https://realpython.github.io/fake-jobs/jobs/editorial-assistant-55.html"
  },
  {
    "title": "Photographer",
    "company": "Waters, Wilson and Hoover",
    "location": "Reynoldsville, AA",
    "apply_link": "https://realpython.github.io/fake-jobs/jobs/photographer-56.html"
  },
  {
    "title": "Retail banker",
    "company": "Hill LLC",
    "location": "Port Billy, AP",
    "apply_link": "https://realpython.github.io/fake-jobs/jobs/retail-banker-57.html"
  },
  {
    "title": "Jewellery designer",
    "company": "Li-Gregory",
    "location": "Adamburgh, AA",
    "apply_link": "https://realpython.github.io/fake-jobs/jobs/jewellery-designer-58.html"
  },
  {
    "title": "Ophthalmologist",
    "company": "Fisher, Ryan and Coleman",
    "location": "Wilsonmouth, AA",
    "apply_link": "https://realpython.github.io/fake-jobs/jobs/ophthalmologist-59.html"
  },
  {
    "title": "Back-End Web Developer (Python, Django)",
    "company": "Stewart-Alexander",
    "location": "South Kimberly, AA",
    "apply_link": "https://realpython.github.io/fake-jobs/jobs/back-end-web-developer-python-django-60.html"
  },
  {
    "title": "Licensed conveyancer",
    "company": "Abbott and Sons",
    "location": "Benjaminland, AP",
    "apply_link": "https://realpython.github.io/fake-jobs/jobs/licensed-conveyancer-61.html"
  },
  {
    "title": "Futures trader",
    "company": "Bryant, Santana and Davenport",
    "location": "Zacharyport, AA",
    "apply_link": "https://realpython.github.io/fake-jobs/jobs/futures-trader-62.html"
  },
  {
    "title": "Counselling psychologist",
    "company": "Smith PLC",
    "location": "Port Devonville, AE",
    "apply_link": "https://realpython.github.io/fake-jobs/jobs/counselling-psychologist-63.html"
  },
  {
    "title": "Insurance underwriter",
    "company": "Patterson-Singh",
    "location": "East Thomas, AE",
    "apply_link": "https://realpython.github.io/fake-jobs/jobs/insurance-underwriter-64.html"
  },
  {
    "title": "Engineer, automotive",
    "company": "Martinez-Berry",
    "location": "New Jeffrey, AP",
    "apply_link": "https://realpython.github.io/fake-jobs/jobs/engineer-automotive-65.html"
  },
  {
    "title": "Producer, radio",
    "company": "May, Taylor and Fisher",
    "location": "Davidside, AA",
    "apply_link": "https://realpython.github.io/fake-jobs/jobs/producer-radio-66.html"
  },
  {
    "title": "Dispensing optician",
    "company": "Bailey, Owen and Thompson",
    "location": "Jamesville, AA",
    "apply_link": "https://realpython.github.io/fake-jobs/jobs/dispensing-optician-67.html"
  },
  {
    "title": "Designer, fashion/clothing",
    "company": "Vasquez Ltd",
    "location": "New Kelly, AP",
    "apply_link": "https://realpython.github.io/fake-jobs/jobs/designer-fashion-clothing-68.html"
  },
  {
    "title": "Chartered loss adjuster",
    "company": "Leblanc LLC",
    "location": "Lake Antonio, AA",
    "apply_link": "https://realpython.github.io/fake-jobs/jobs/chartered-loss-adjuster-69.html"
  },
  {
    "title": "Back-End Web Developer (Python, Django)",
    "company": "Jackson, Ali and Mckee",
    "location": "New Elizabethside, AA",
    "apply_link": "https://realpython.github.io/fake-jobs/jobs/back-end-web-developer-python-django-70.html"
  },
  {
    "title": "Forest/woodland manager",
    "company": "Blankenship, Knight and Powell",
    "location": "Millsbury, AE",
    "apply_link": "https://realpython.github.io/fake-jobs/jobs/forest-woodland-manager-71.html"
  },
  {
    "title": "Clinical cytogeneticist",
    "company": "Patton, Haynes and Jones",
    "location": "Lloydton, AP",
    "apply_link": "https://realpython.github.io/fake-jobs/jobs/clinical-cytogeneticist-72.html"
  },
  {
    "title": "Print production planner",
    "company": "Wood Inc",
    "location": "Port Jeremy, AA",
    "apply_link": "https://realpython.github.io/fake-jobs/jobs/print-production-planner-73.html"
  },
  {
    "title": "Systems developer",
    "company": "Collins Group",
    "location": "New Elizabethtown, AA",
    "apply_link": "https://realpython.github.io/fake-jobs/jobs/systems-developer-74.html"
  },
  {
    "title": "Graphic designer",
    "company": "Flores-Nelson",
    "location": "Charlesstad, AE",
    "apply_link": "https://realpython.github.io/fake-jobs/jobs/graphic-designer-75.html"
  },
  {
    "title": "Writer",
    "company": "Mitchell, Jones and Olson",
    "location": "Josephbury, AE",
    "apply_link": "https://realpython.github.io/fake-jobs/jobs/writer-76.html"
  },
  {
    "title": "Field seismologist",
    "company": "Howard Group",
    "location": "Seanfurt, AA",
    "apply_link": "https://realpython.github.io/fake-jobs/jobs/field-seismologist-77.html"
  },
  {
    "title": "Chief Strategy Officer",
    "company": "Kramer-Edwards",
    "location": "Williambury, AA",
    "apply_link": "https://realpython.github.io/fake-jobs/jobs/chief-strategy-officer-78.html"
  },
  {
    "title": "Air cabin crew",
    "company": "Berry-Houston",
    "location": "South Jorgeside, AP",
    "apply_link": "https://realpython.github.io/fake-jobs/jobs/air-cabin-crew-79.html"
  },
  {
    "title": "Python Programmer (Entry-Level)",
    "company": "Mathews Inc",
    "location": "Robertborough, AP",
    "apply_link": "https://realpython.github.io/fake-jobs/jobs/python-programmer-entry-level-80.html"
  },
  {
    "title": "Warden/ranger",
    "company": "Riley-Johnson",
    "location": "South Saratown, AP",
    "apply_link": "https://realpython.github.io/fake-jobs/jobs/warden-ranger-81.html"
  },
  {
    "title": "Sports therapist",
    "company": "Spencer and Sons",
    "location": "Hullview, AA",
    "apply_link": "https://realpython.github.io/fake-jobs/jobs/sports-therapist-82.html"
  },
  {
    "title": "Arts development officer",
    "company": "Camacho-Sanchez",
    "location": "Philipland, AP",
    "apply_link": "https://realpython.github.io/fake-jobs/jobs/arts-development-officer-83.html"
  },
  {
    "title": "Printmaker",
    "company": "Oliver and Sons",
    "location": "North Patty, AE",
    "apply_link": "https://realpython.github.io/fake-jobs/jobs/printmaker-84.html"
  },
  {
    "title": "Health and safety adviser",
    "company": "Eaton PLC",
    "location": "North Stephen, AE",
    "apply_link": "https://realpython.github.io/fake-jobs/jobs/health-and-safety-adviser-85.html"
  },
  {
    "title": "Manufacturing systems engineer",
    "company": "Stanley-Frederick",
    "location": "Stevensland, AP",
    "apply_link": "https://realpython.github.io/fake-jobs/jobs/manufacturing-systems-engineer-86.html"
  },
  {
    "title": "Programmer, applications",
    "company": "Bradley LLC",
    "location": "Reyesstad, AE",
    "apply_link": "https://realpython.github.io/fake-jobs/jobs/programmer-applications-87.html"
  },
  {
    "title": "Medical physicist",
    "company": "Parker, Goodwin and Zavala",
    "location": "Bellberg, AP",
    "apply_link": "https://realpython.github.io/fake-jobs/jobs/medical-physicist-88.html"
  },
  {
    "title": "Media planner",
    "company": "Kim-Miles",
    "location": "North Johnland, AE",
    "apply_link": "https://realpython.github.io/fake-jobs/jobs/media-planner-89.html"
  },
  {
    "title": "Software Developer (Python)",
    "company": "Moreno-Rodriguez",
    "location": "Martinezburgh, AE",
    "apply_link": "https://realpython.github.io/fake-jobs/jobs/software-developer-python-90.html"
  },
  {
    "title": "Surveyor, land/geomatics",
    "company": "Brown-Ortiz",
    "location": "Joshuatown, AE",
    "apply_link": "https://realpython.github.io/fake-jobs/jobs/surveyor-land-geomatics-91.html"
  },
  {
    "title": "Legal executive",
    "company": "Hartman PLC",
    "location": "West Ericstad, AA",
    "apply_link": "https://realpython.github.io/fake-jobs/jobs/legal-executive-92.html"
  },
  {
    "title": "Librarian, academic",
    "company": "Brooks Inc",
    "location": "Tuckertown, AE",
    "apply_link": "https://realpython.github.io/fake-jobs/jobs/librarian-academic-93.html"
  },
  {
    "title": "Barrister",
    "company": "Washington-Castillo",
    "location": "Perezton, AE",
    "apply_link": "https://realpython.github.io/fake-jobs/jobs/barrister-94.html"
  },
  {
    "title": "Museum/gallery exhibitions officer",
    "company": "Nguyen, Yoder and Petty",
    "location": "Lake Abigail, AE",
    "apply_link": "https://realpython.github.io/fake-jobs/jobs/museum-gallery-exhibitions-officer-95.html"
  },
  {
    "title": "Radiographer, diagnostic",
    "company": "Holder LLC",
    "location": "Jacobshire, AP",
    "apply_link": "https://realpython.github.io/fake-jobs/jobs/radiographer-diagnostic-96.html"
  },
  {
    "title": "Database administrator",
    "company": "Yates-Ferguson",
    "location": "Port Susan, AE",
    "apply_link": "https://realpython.github.io/fake-jobs/jobs/database-administrator-97.html"
  },
  {
    "title": "Furniture designer",
    "company": "Ortega-Lawrence",
    "location": "North Tiffany, AA",
    "apply_link": "https://realpython.github.io/fake-jobs/jobs/furniture-designer-98.html"
  },
  {
    "title": "Ship broker",
    "company": "Fuentes, Walls and Castro",
    "location": "Michelleville, AP",
    "apply_link": "https://realpython.github.io/fake-jobs/jobs/ship-broker-99.html"
  }
]